{
  "N": 12,
  "rho": 0.5314685314685316,
  "tau_b": 0.3939393939393939,
  "pairwise": 0.696969696969697,
  "pairwise_correct": 46,
  "pairwise_M": 66,
  "pairwise_p": 0.0009291151537829043,
  "prec_at_k": 0.0,
  "rec_at_k": 0.0,
  "hit_at_k": 0.0,
  "k": 2
}