{
  "N": 12,
  "rho": 0.7272727272727275,
  "tau_b": 0.5151515151515151,
  "pairwise": 0.7575757575757576,
  "pairwise_correct": 50,
  "pairwise_M": 66,
  "pairwise_p": 1.664117508516031e-05,
  "prec_at_k": 0.0,
  "rec_at_k": 0.0,
  "hit_at_k": 0.0,
  "k": 2
}