{
  "MSE": 60287.4615336279,
  "MSE_normalized_by_train_q_scale": 0.006662145374870984
}