{
  "MSE": 242119.87730537468,
  "MSE_normalized_by_train_q_scale": 0.026755776072186942
}