AUC_obs,AUC_pred,record_idx
9904.090508700001,6917.514082362,0
8137.898575200001,6917.5078265662505,1
8909.049482075,6917.542096948751,2
10071.7029009,6917.499773940501,3
9322.177485775,6917.5540206962505,4
9329.6445689,6918.17367492075,5
7641.32029675,6912.429261243001,6
6023.138780025,6028.07395049375,7
9596.471721225,6726.221879082749,8
9200.8267426,6957.380725104,9
5712.659515339999,6260.799152088501,10
6030.4284999599995,6241.770279103001,11
