k,prec,rec,hit,baseline
1,0.0,0.0,0.0,0.08333333333333333
2,0.0,0.0,0.0,0.16666666666666666
3,0.3333333333333333,0.3333333333333333,1.0,0.25
4,0.5,0.5,1.0,0.3333333333333333
5,0.8,0.8,1.0,0.4166666666666667
6,0.8333333333333334,0.8333333333333334,1.0,0.5
