k,prec,rec,hit,baseline
1,0.0,0.0,0.0,0.08333333333333333
2,0.0,0.0,0.0,0.16666666666666666
3,0.0,0.0,0.0,0.25
4,0.25,0.25,0.0,0.3333333333333333
5,0.6,0.6,0.0,0.4166666666666667
6,0.6666666666666666,0.6666666666666666,0.0,0.5
