AUC_obs,AUC_pred,record_idx
9904.090508700001,6917.514082362,0
8137.898575200001,6917.5078265662505,1
8909.049482075,6917.542096948751,2
10071.7029009,6917.499773940501,3
9322.177485775,6917.5540206962505,4
9329.6445689,6918.17367492075,5
