record_idx,time_h,Q_obs,Q_pred,_dataset
0,6.0,3239.848711,2185.36073,test
1,6.0,2871.562143,2185.35889,test
2,6.0,3058.493411,2185.361472,test
3,6.0,3234.401436,2185.358068,test
4,6.0,3305.135581,2185.366704,test
5,6.0,3092.064125,2185.455759,test
