{
  "N": 6,
  "rho": -0.19999999999999996,
  "tau_b": -0.06666666666666667,
  "pairwise": 0.4666666666666667,
  "pairwise_correct": 7,
  "pairwise_M": 15,
  "pairwise_p": 0.696380615234375,
  "prec_at_k": 0.0,
  "rec_at_k": 0.0,
  "hit_at_k": 0.0,
  "k": 2
}