k,prec,rec,hit,baseline
1,0.0,0.0,0.0,0.16666666666666666
2,0.0,0.0,0.0,0.3333333333333333
3,0.3333333333333333,0.3333333333333333,0.0,0.5
4,0.75,0.75,0.0,0.6666666666666666
5,0.8,0.8,0.0,0.8333333333333334
6,1.0,1.0,1.0,1.0
