{
  "MSE": 1652297.8288560845,
  "MSE_normalized_by_train_q_scale": 0.1825893487368486
}