{
  "MSE": 3094946.24932283,
  "MSE_normalized_by_train_q_scale": 0.3420111133539645
}