Q_obs,Q_pred,time_h,_rid,AUC_obs,AUC_pred,rank_Q6_pred,rank_AUC_pred,rank_consensus_raw,rank_consensus,rank_agree_gap,gap_Q6_next,edge_score,score_gap,score_edge,score_agree,score_overall
3092.064125,2185.455759,6.0,5,9329.6445689,6918.17367492075,1,1,1.0,1,0,0.08905499999991662,,1.0,,,0.5
3305.135581,2185.366704,6.0,4,9322.177485775,6917.5540206962505,2,2,2.0,2,0,0.005231999999978143,,0.05084189190513497,,,0.025420945952567484
3058.493411,2185.361472,6.0,2,8909.049482075,6917.542096948751,3,3,3.0,3,0,0.0007420000001729932,,0.0,,,0.0
3239.848711,2185.36073,6.0,0,9904.090508700001,6917.514082362,4,4,4.0,4,0,0.00183999999990192,,0.01243305062371468,,,0.00621652531185734
2871.562143,2185.35889,6.0,1,8137.898575200001,6917.5078265662505,5,5,5.0,5,0,0.0008219999999710126,,0.0009058688958392497,,,0.00045293444791962484
3234.401436,2185.358068,6.0,3,10071.7029009,6917.499773940501,6,6,6.0,6,0,,,,,,0.0
